<?xml version="1.0"?>
<testResults>
  <FitNesseVersion>v20150814</FitNesseVersion>
  <rootPath>FanControlTests</rootPath>
    <result>
    <counts>
      <right>16</right>
      <wrong>0</wrong>
      <ignores>0</ignores>
      <exceptions>0</exceptions>
    </counts>
   <runTimeInMillis>17</runTimeInMillis>
    <content>&lt;br/&gt;&lt;div class="contents"&gt;
	&lt;b&gt;Contents:&lt;/b&gt;
	&lt;ul class="toc1"/&gt;&lt;ul class="toc1"/&gt;
&lt;/div&gt;
&lt;br/&gt;&lt;br/&gt;&lt;h1&gt;Fan Control&lt;/h1&gt;
&lt;br/&gt;&lt;table&gt;
	&lt;tr&gt;
		&lt;td colspan="3"&gt;&lt;span class="pass"&gt;Fan Control&lt;/span&gt;&lt;/td&gt;
	&lt;/tr&gt;
	&lt;tr&gt;
		&lt;td&gt;temperature degrees&lt;/td&gt;
		&lt;td&gt;fan?&lt;/td&gt;
		&lt;td&gt;heater?&lt;/td&gt;
	&lt;/tr&gt;
	&lt;tr&gt;
		&lt;td&gt;16&lt;/td&gt;
		&lt;td&gt;&lt;span class="pass"&gt;off&lt;/span&gt;&lt;/td&gt;
		&lt;td&gt;&lt;span class="pass"&gt;on&lt;/span&gt;&lt;/td&gt;
	&lt;/tr&gt;
	&lt;tr&gt;
		&lt;td&gt;18&lt;/td&gt;
		&lt;td&gt;&lt;span class="pass"&gt;off&lt;/span&gt;&lt;/td&gt;
		&lt;td&gt;&lt;span class="pass"&gt;on&lt;/span&gt;&lt;/td&gt;
	&lt;/tr&gt;
	&lt;tr&gt;
		&lt;td&gt;19&lt;/td&gt;
		&lt;td&gt;&lt;span class="pass"&gt;off&lt;/span&gt;&lt;/td&gt;
		&lt;td&gt;&lt;span class="pass"&gt;on&lt;/span&gt;&lt;/td&gt;
	&lt;/tr&gt;
	&lt;tr&gt;
		&lt;td&gt;21&lt;/td&gt;
		&lt;td&gt;&lt;span class="pass"&gt;off&lt;/span&gt;&lt;/td&gt;
		&lt;td&gt;&lt;span class="pass"&gt;off&lt;/span&gt;&lt;/td&gt;
	&lt;/tr&gt;
	&lt;tr&gt;
		&lt;td&gt;22&lt;/td&gt;
		&lt;td&gt;&lt;span class="pass"&gt;on&lt;/span&gt;&lt;/td&gt;
		&lt;td&gt;&lt;span class="pass"&gt;off&lt;/span&gt;&lt;/td&gt;
	&lt;/tr&gt;
	&lt;tr&gt;
		&lt;td&gt;26&lt;/td&gt;
		&lt;td&gt;&lt;span class="pass"&gt;on&lt;/span&gt;&lt;/td&gt;
		&lt;td&gt;&lt;span class="pass"&gt;off&lt;/span&gt;&lt;/td&gt;
	&lt;/tr&gt;
	&lt;tr&gt;
		&lt;td&gt;27&lt;/td&gt;
		&lt;td&gt;&lt;span class="pass"&gt;on&lt;/span&gt;&lt;/td&gt;
		&lt;td&gt;&lt;span class="pass"&gt;off&lt;/span&gt;&lt;/td&gt;
	&lt;/tr&gt;
	&lt;tr&gt;
		&lt;td&gt;28&lt;/td&gt;
		&lt;td&gt;&lt;span class="pass"&gt;on&lt;/span&gt;&lt;/td&gt;
		&lt;td&gt;&lt;span class="pass"&gt;off&lt;/span&gt;&lt;/td&gt;
	&lt;/tr&gt;
&lt;/table&gt;
</content>
    <relativePageName>FanControlTests</relativePageName>
            <instructions>
            <instructionResult>
        <instruction>{id='decisionTable_0_0', instruction='make', instanceName='decisionTable_0', className='FanControl', args=[]}</instruction>
        <slimResult>pass(Fan Control)</slimResult>
                <expectation>
                    <status>pass</status>
                    <instructionId>decisionTable_0_0</instructionId>
                    <col>0</col>
                              <row>0</row>
                    <type>ConstructionExpectation</type>
                                        <evaluationMessage>Fan Control</evaluationMessage>
                  </expectation>
              </instructionResult>
            <instructionResult>
        <instruction>{id='decisionTable_0_4', instruction='call', instanceName='decisionTable_0', methodName='setTemperatureDegrees', args=[16]}</instruction>
        <slimResult></slimResult>
                <expectation>
                    <instructionId>decisionTable_0_4</instructionId>
                    <col>0</col>
                              <row>2</row>
                    <type>VoidReturnExpectation</type>
                                      </expectation>
              </instructionResult>
            <instructionResult>
        <instruction>{id='decisionTable_0_6', instruction='call', instanceName='decisionTable_0', methodName='fan', args=[]}</instruction>
        <slimResult>pass(off)</slimResult>
                <expectation>
                    <status>pass</status>
                    <instructionId>decisionTable_0_6</instructionId>
                    <col>1</col>
                              <row>2</row>
                    <type>ReturnedValueExpectation</type>
                                        <evaluationMessage>off</evaluationMessage>
                  </expectation>
              </instructionResult>
            <instructionResult>
        <instruction>{id='decisionTable_0_7', instruction='call', instanceName='decisionTable_0', methodName='heater', args=[]}</instruction>
        <slimResult>pass(on)</slimResult>
                <expectation>
                    <status>pass</status>
                    <instructionId>decisionTable_0_7</instructionId>
                    <col>2</col>
                              <row>2</row>
                    <type>ReturnedValueExpectation</type>
                                        <evaluationMessage>on</evaluationMessage>
                  </expectation>
              </instructionResult>
            <instructionResult>
        <instruction>{id='decisionTable_0_9', instruction='call', instanceName='decisionTable_0', methodName='setTemperatureDegrees', args=[18]}</instruction>
        <slimResult></slimResult>
                <expectation>
                    <instructionId>decisionTable_0_9</instructionId>
                    <col>0</col>
                              <row>3</row>
                    <type>VoidReturnExpectation</type>
                                      </expectation>
              </instructionResult>
            <instructionResult>
        <instruction>{id='decisionTable_0_11', instruction='call', instanceName='decisionTable_0', methodName='fan', args=[]}</instruction>
        <slimResult>pass(off)</slimResult>
                <expectation>
                    <status>pass</status>
                    <instructionId>decisionTable_0_11</instructionId>
                    <col>1</col>
                              <row>3</row>
                    <type>ReturnedValueExpectation</type>
                                        <evaluationMessage>off</evaluationMessage>
                  </expectation>
              </instructionResult>
            <instructionResult>
        <instruction>{id='decisionTable_0_12', instruction='call', instanceName='decisionTable_0', methodName='heater', args=[]}</instruction>
        <slimResult>pass(on)</slimResult>
                <expectation>
                    <status>pass</status>
                    <instructionId>decisionTable_0_12</instructionId>
                    <col>2</col>
                              <row>3</row>
                    <type>ReturnedValueExpectation</type>
                                        <evaluationMessage>on</evaluationMessage>
                  </expectation>
              </instructionResult>
            <instructionResult>
        <instruction>{id='decisionTable_0_14', instruction='call', instanceName='decisionTable_0', methodName='setTemperatureDegrees', args=[19]}</instruction>
        <slimResult></slimResult>
                <expectation>
                    <instructionId>decisionTable_0_14</instructionId>
                    <col>0</col>
                              <row>4</row>
                    <type>VoidReturnExpectation</type>
                                      </expectation>
              </instructionResult>
            <instructionResult>
        <instruction>{id='decisionTable_0_16', instruction='call', instanceName='decisionTable_0', methodName='fan', args=[]}</instruction>
        <slimResult>pass(off)</slimResult>
                <expectation>
                    <status>pass</status>
                    <instructionId>decisionTable_0_16</instructionId>
                    <col>1</col>
                              <row>4</row>
                    <type>ReturnedValueExpectation</type>
                                        <evaluationMessage>off</evaluationMessage>
                  </expectation>
              </instructionResult>
            <instructionResult>
        <instruction>{id='decisionTable_0_17', instruction='call', instanceName='decisionTable_0', methodName='heater', args=[]}</instruction>
        <slimResult>pass(on)</slimResult>
                <expectation>
                    <status>pass</status>
                    <instructionId>decisionTable_0_17</instructionId>
                    <col>2</col>
                              <row>4</row>
                    <type>ReturnedValueExpectation</type>
                                        <evaluationMessage>on</evaluationMessage>
                  </expectation>
              </instructionResult>
            <instructionResult>
        <instruction>{id='decisionTable_0_19', instruction='call', instanceName='decisionTable_0', methodName='setTemperatureDegrees', args=[21]}</instruction>
        <slimResult></slimResult>
                <expectation>
                    <instructionId>decisionTable_0_19</instructionId>
                    <col>0</col>
                              <row>5</row>
                    <type>VoidReturnExpectation</type>
                                      </expectation>
              </instructionResult>
            <instructionResult>
        <instruction>{id='decisionTable_0_21', instruction='call', instanceName='decisionTable_0', methodName='fan', args=[]}</instruction>
        <slimResult>pass(off)</slimResult>
                <expectation>
                    <status>pass</status>
                    <instructionId>decisionTable_0_21</instructionId>
                    <col>1</col>
                              <row>5</row>
                    <type>ReturnedValueExpectation</type>
                                        <evaluationMessage>off</evaluationMessage>
                  </expectation>
              </instructionResult>
            <instructionResult>
        <instruction>{id='decisionTable_0_22', instruction='call', instanceName='decisionTable_0', methodName='heater', args=[]}</instruction>
        <slimResult>pass(off)</slimResult>
                <expectation>
                    <status>pass</status>
                    <instructionId>decisionTable_0_22</instructionId>
                    <col>2</col>
                              <row>5</row>
                    <type>ReturnedValueExpectation</type>
                                        <evaluationMessage>off</evaluationMessage>
                  </expectation>
              </instructionResult>
            <instructionResult>
        <instruction>{id='decisionTable_0_24', instruction='call', instanceName='decisionTable_0', methodName='setTemperatureDegrees', args=[22]}</instruction>
        <slimResult></slimResult>
                <expectation>
                    <instructionId>decisionTable_0_24</instructionId>
                    <col>0</col>
                              <row>6</row>
                    <type>VoidReturnExpectation</type>
                                      </expectation>
              </instructionResult>
            <instructionResult>
        <instruction>{id='decisionTable_0_26', instruction='call', instanceName='decisionTable_0', methodName='fan', args=[]}</instruction>
        <slimResult>pass(on)</slimResult>
                <expectation>
                    <status>pass</status>
                    <instructionId>decisionTable_0_26</instructionId>
                    <col>1</col>
                              <row>6</row>
                    <type>ReturnedValueExpectation</type>
                                        <evaluationMessage>on</evaluationMessage>
                  </expectation>
              </instructionResult>
            <instructionResult>
        <instruction>{id='decisionTable_0_27', instruction='call', instanceName='decisionTable_0', methodName='heater', args=[]}</instruction>
        <slimResult>pass(off)</slimResult>
                <expectation>
                    <status>pass</status>
                    <instructionId>decisionTable_0_27</instructionId>
                    <col>2</col>
                              <row>6</row>
                    <type>ReturnedValueExpectation</type>
                                        <evaluationMessage>off</evaluationMessage>
                  </expectation>
              </instructionResult>
            <instructionResult>
        <instruction>{id='decisionTable_0_29', instruction='call', instanceName='decisionTable_0', methodName='setTemperatureDegrees', args=[26]}</instruction>
        <slimResult></slimResult>
                <expectation>
                    <instructionId>decisionTable_0_29</instructionId>
                    <col>0</col>
                              <row>7</row>
                    <type>VoidReturnExpectation</type>
                                      </expectation>
              </instructionResult>
            <instructionResult>
        <instruction>{id='decisionTable_0_31', instruction='call', instanceName='decisionTable_0', methodName='fan', args=[]}</instruction>
        <slimResult>pass(on)</slimResult>
                <expectation>
                    <status>pass</status>
                    <instructionId>decisionTable_0_31</instructionId>
                    <col>1</col>
                              <row>7</row>
                    <type>ReturnedValueExpectation</type>
                                        <evaluationMessage>on</evaluationMessage>
                  </expectation>
              </instructionResult>
            <instructionResult>
        <instruction>{id='decisionTable_0_32', instruction='call', instanceName='decisionTable_0', methodName='heater', args=[]}</instruction>
        <slimResult>pass(off)</slimResult>
                <expectation>
                    <status>pass</status>
                    <instructionId>decisionTable_0_32</instructionId>
                    <col>2</col>
                              <row>7</row>
                    <type>ReturnedValueExpectation</type>
                                        <evaluationMessage>off</evaluationMessage>
                  </expectation>
              </instructionResult>
            <instructionResult>
        <instruction>{id='decisionTable_0_34', instruction='call', instanceName='decisionTable_0', methodName='setTemperatureDegrees', args=[27]}</instruction>
        <slimResult></slimResult>
                <expectation>
                    <instructionId>decisionTable_0_34</instructionId>
                    <col>0</col>
                              <row>8</row>
                    <type>VoidReturnExpectation</type>
                                      </expectation>
              </instructionResult>
            <instructionResult>
        <instruction>{id='decisionTable_0_36', instruction='call', instanceName='decisionTable_0', methodName='fan', args=[]}</instruction>
        <slimResult>pass(on)</slimResult>
                <expectation>
                    <status>pass</status>
                    <instructionId>decisionTable_0_36</instructionId>
                    <col>1</col>
                              <row>8</row>
                    <type>ReturnedValueExpectation</type>
                                        <evaluationMessage>on</evaluationMessage>
                  </expectation>
              </instructionResult>
            <instructionResult>
        <instruction>{id='decisionTable_0_37', instruction='call', instanceName='decisionTable_0', methodName='heater', args=[]}</instruction>
        <slimResult>pass(off)</slimResult>
                <expectation>
                    <status>pass</status>
                    <instructionId>decisionTable_0_37</instructionId>
                    <col>2</col>
                              <row>8</row>
                    <type>ReturnedValueExpectation</type>
                                        <evaluationMessage>off</evaluationMessage>
                  </expectation>
              </instructionResult>
            <instructionResult>
        <instruction>{id='decisionTable_0_39', instruction='call', instanceName='decisionTable_0', methodName='setTemperatureDegrees', args=[28]}</instruction>
        <slimResult></slimResult>
                <expectation>
                    <instructionId>decisionTable_0_39</instructionId>
                    <col>0</col>
                              <row>9</row>
                    <type>VoidReturnExpectation</type>
                                      </expectation>
              </instructionResult>
            <instructionResult>
        <instruction>{id='decisionTable_0_41', instruction='call', instanceName='decisionTable_0', methodName='fan', args=[]}</instruction>
        <slimResult>pass(on)</slimResult>
                <expectation>
                    <status>pass</status>
                    <instructionId>decisionTable_0_41</instructionId>
                    <col>1</col>
                              <row>9</row>
                    <type>ReturnedValueExpectation</type>
                                        <evaluationMessage>on</evaluationMessage>
                  </expectation>
              </instructionResult>
            <instructionResult>
        <instruction>{id='decisionTable_0_42', instruction='call', instanceName='decisionTable_0', methodName='heater', args=[]}</instruction>
        <slimResult>pass(off)</slimResult>
                <expectation>
                    <status>pass</status>
                    <instructionId>decisionTable_0_42</instructionId>
                    <col>2</col>
                              <row>9</row>
                    <type>ReturnedValueExpectation</type>
                                        <evaluationMessage>off</evaluationMessage>
                  </expectation>
              </instructionResult>
          </instructions>
      </result>
    <executionLog>
    <testSystem>slim:./RunTestsTargetWithSlimPort</testSystem>
    <command>./RunTestsTargetWithSlimPort 8087</command>
    <exitCode>0</exitCode>
    <stdOut></stdOut>    <stdErr>App Spec: &lt;DTiPhoneSimulatorApplicationSpecifier 0x7f8cabc20590&gt; specified by app path /Users/paulstringer/Library/Developer/Xcode/DerivedData/Build/Products/Debug-iphonesimulator/AcceptanceTests.app
SDK Root: &lt;DTiPhoneSimulatorSystemRoot 0x7f8cabc13db0&gt; path=/Applications/Xcode.app/Contents/Developer/Platforms/WatchSimulator.platform/Developer/SDKs/WatchSimulator.sdk
Creating named pipe at `/var/folders/9f/1t5s18_d09l9w31_pw26b5bm0000gn/T//ios-sim-stderr-pipe-1448566571'
Creating named pipe at `/var/folders/9f/1t5s18_d09l9w31_pw26b5bm0000gn/T//ios-sim-stdout-pipe-1448566571'
using device family iphone
2015-11-26 19:36:11.167 ios-sim[70981:4215473] [MT] DVTAssertions: Warning in /Library/Caches/com.apple.xbs/Sources/DVTFrameworks/DVTFrameworks-9073/DVTFoundation/PlugInArchitecture/PlugInManager/DVTPlugInManager.m:257
Details:  Requested but did not find extension point with identifier Xcode.DVTFoundation.DevicePlatformMapping
Object:   &lt;DVTPlugInManager: 0x7f8cad9779e0&gt;
Method:   -extensionPointWithIdentifier:
Thread:   &lt;NSThread: 0x7f8cabc0deb0&gt;{number = 1, name = main}
Please file a bug at http://bugreport.apple.com with this warning message and any useful information you can provide.
Session started
Session did end with error (null)
Removing named pipe at `/var/folders/9f/1t5s18_d09l9w31_pw26b5bm0000gn/T//ios-sim-stderr-pipe-1448566571'
Removing named pipe at `/var/folders/9f/1t5s18_d09l9w31_pw26b5bm0000gn/T//ios-sim-stdout-pipe-1448566571'
</stdErr>  </executionLog>
  <finalCounts>
    <right>1</right>
    <wrong>0</wrong>
    <ignores>0</ignores>
    <exceptions>0</exceptions>
  </finalCounts>
  <totalRunTimeInMillis>531</totalRunTimeInMillis>
</testResults>

