<?xml version="1.0"?>
<testResults>
  <FitNesseVersion>v20150814</FitNesseVersion>
  <rootPath>FanControlTests</rootPath>
    <executionLog>
    <testSystem>slim:./RunTestsTargetWithSlimPort</testSystem>
    <command>./RunTestsTargetWithSlimPort 8085</command>
    <exitCode>1</exitCode>
    <stdOut></stdOut>    <stdErr>./RunTestsTargetWithSlimPort: line 2: ./env.sh: No such file or directory
</stdErr>    <exception>Error SLiM server died before a connection could be established. ./RunTestsTargetWithSlimPort: line 2: ./env.sh: No such file or directory</exception>
  </executionLog>
  <finalCounts>
    <right>0</right>
    <wrong>0</wrong>
    <ignores>0</ignores>
    <exceptions>1</exceptions>
  </finalCounts>
  <totalRunTimeInMillis>67</totalRunTimeInMillis>
</testResults>

