<?xml version="1.0"?>
<testResults>
  <FitNesseVersion>v20150814</FitNesseVersion>
  <rootPath>FanControlTests</rootPath>
    <result>
    <counts>
      <right>0</right>
      <wrong>0</wrong>
      <ignores>0</ignores>
      <exceptions>1</exceptions>
    </counts>
   <runTimeInMillis>4</runTimeInMillis>
    <content>&lt;br/&gt;&lt;div class="contents"&gt;
	&lt;b&gt;Contents:&lt;/b&gt;
	&lt;ul class="toc1"/&gt;
&lt;/div&gt;
&lt;br/&gt;&lt;br/&gt;&lt;h1&gt;Fan Control&lt;/h1&gt;
&lt;br/&gt;&lt;table&gt;
	&lt;tr&gt;
		&lt;td class="error"&gt;temperature degrees&lt;hr/&gt; &lt;span class="fit_label"&gt;Could not find fixture: TemperatureDegrees.&lt;/span&gt;&lt;/td&gt;
		&lt;td&gt;fan&lt;/td&gt;
		&lt;td&gt;heater&lt;/td&gt;
	&lt;/tr&gt;
	&lt;tr&gt;
		&lt;td&gt;16&lt;/td&gt;
		&lt;td&gt;off&lt;/td&gt;
		&lt;td&gt;on&lt;/td&gt;
	&lt;/tr&gt;
	&lt;tr&gt;
		&lt;td&gt;18&lt;/td&gt;
		&lt;td&gt;off&lt;/td&gt;
		&lt;td&gt;on&lt;/td&gt;
	&lt;/tr&gt;
	&lt;tr&gt;
		&lt;td&gt;19&lt;/td&gt;
		&lt;td&gt;off&lt;/td&gt;
		&lt;td&gt;on&lt;/td&gt;
	&lt;/tr&gt;
	&lt;tr&gt;
		&lt;td&gt;21&lt;/td&gt;
		&lt;td&gt;off&lt;/td&gt;
		&lt;td&gt;off&lt;/td&gt;
	&lt;/tr&gt;
	&lt;tr&gt;
		&lt;td&gt;22&lt;/td&gt;
		&lt;td&gt;on&lt;/td&gt;
		&lt;td&gt;off&lt;/td&gt;
	&lt;/tr&gt;
	&lt;tr&gt;
		&lt;td&gt;26&lt;/td&gt;
		&lt;td&gt;on&lt;/td&gt;
		&lt;td&gt;off&lt;/td&gt;
	&lt;/tr&gt;
	&lt;tr&gt;
		&lt;td&gt;27&lt;/td&gt;
		&lt;td&gt;on&lt;/td&gt;
		&lt;td&gt;off&lt;/td&gt;
	&lt;/tr&gt;
	&lt;tr&gt;
		&lt;td&gt;28&lt;/td&gt;
		&lt;td&gt;on&lt;/td&gt;
		&lt;td&gt;off&lt;/td&gt;
	&lt;/tr&gt;
&lt;/table&gt;
</content>
    <relativePageName>FanControlTests</relativePageName>
          </result>
    <executionLog>
    <testSystem>fit:fit.FitServer</testSystem>
    <command>java -cp fitnesse-standalone.jar:defaultPath fit.FitServer Pauls-MacBook-Pro-2.local 57602 3863</command>
    <exitCode>1</exitCode>
    <stdOut></stdOut>    <stdErr></stdErr>  </executionLog>
  <finalCounts>
    <right>0</right>
    <wrong>0</wrong>
    <ignores>0</ignores>
    <exceptions>1</exceptions>
  </finalCounts>
  <totalRunTimeInMillis>383</totalRunTimeInMillis>
</testResults>

