<?xml version="1.0"?>
<testResults>
  <FitNesseVersion>v20150814</FitNesseVersion>
  <rootPath>FanControlTests</rootPath>
    <result>
    <counts>
      <right>0</right>
      <wrong>0</wrong>
      <ignores>0</ignores>
      <exceptions>24</exceptions>
    </counts>
   <runTimeInMillis>26</runTimeInMillis>
    <content>&lt;br/&gt;&lt;div class="contents"&gt;
	&lt;b&gt;Contents:&lt;/b&gt;
	&lt;ul class="toc1"/&gt;&lt;ul class="toc1"/&gt;
&lt;/div&gt;
&lt;br/&gt;&lt;br/&gt;&lt;h1&gt;Fan Control&lt;/h1&gt;
&lt;br/&gt;&lt;table&gt;
	&lt;tr&gt;
		&lt;td colspan="3"&gt;&lt;span class="pass"&gt;Fan Control&lt;/span&gt;&lt;/td&gt;
	&lt;/tr&gt;
	&lt;tr&gt;
		&lt;td&gt;temperature degrees&lt;/td&gt;
		&lt;td&gt;fan&lt;/td&gt;
		&lt;td&gt;heater&lt;/td&gt;
	&lt;/tr&gt;
	&lt;tr&gt;
		&lt;td&gt;16 &lt;span class="error"&gt;Method setTemperatureDegrees: not found in FanControl.&lt;/span&gt;&lt;/td&gt;
		&lt;td&gt;off &lt;span class="error"&gt;Method setFan: not found in FanControl.&lt;/span&gt;&lt;/td&gt;
		&lt;td&gt;on &lt;span class="error"&gt;Method setHeater: not found in FanControl.&lt;/span&gt;&lt;/td&gt;
	&lt;/tr&gt;
	&lt;tr&gt;
		&lt;td&gt;18 &lt;span class="error"&gt;Method setTemperatureDegrees: not found in FanControl.&lt;/span&gt;&lt;/td&gt;
		&lt;td&gt;off &lt;span class="error"&gt;Method setFan: not found in FanControl.&lt;/span&gt;&lt;/td&gt;
		&lt;td&gt;on &lt;span class="error"&gt;Method setHeater: not found in FanControl.&lt;/span&gt;&lt;/td&gt;
	&lt;/tr&gt;
	&lt;tr&gt;
		&lt;td&gt;19 &lt;span class="error"&gt;Method setTemperatureDegrees: not found in FanControl.&lt;/span&gt;&lt;/td&gt;
		&lt;td&gt;off &lt;span class="error"&gt;Method setFan: not found in FanControl.&lt;/span&gt;&lt;/td&gt;
		&lt;td&gt;on &lt;span class="error"&gt;Method setHeater: not found in FanControl.&lt;/span&gt;&lt;/td&gt;
	&lt;/tr&gt;
	&lt;tr&gt;
		&lt;td&gt;21 &lt;span class="error"&gt;Method setTemperatureDegrees: not found in FanControl.&lt;/span&gt;&lt;/td&gt;
		&lt;td&gt;off &lt;span class="error"&gt;Method setFan: not found in FanControl.&lt;/span&gt;&lt;/td&gt;
		&lt;td&gt;off &lt;span class="error"&gt;Method setHeater: not found in FanControl.&lt;/span&gt;&lt;/td&gt;
	&lt;/tr&gt;
	&lt;tr&gt;
		&lt;td&gt;22 &lt;span class="error"&gt;Method setTemperatureDegrees: not found in FanControl.&lt;/span&gt;&lt;/td&gt;
		&lt;td&gt;on &lt;span class="error"&gt;Method setFan: not found in FanControl.&lt;/span&gt;&lt;/td&gt;
		&lt;td&gt;off &lt;span class="error"&gt;Method setHeater: not found in FanControl.&lt;/span&gt;&lt;/td&gt;
	&lt;/tr&gt;
	&lt;tr&gt;
		&lt;td&gt;26 &lt;span class="error"&gt;Method setTemperatureDegrees: not found in FanControl.&lt;/span&gt;&lt;/td&gt;
		&lt;td&gt;on &lt;span class="error"&gt;Method setFan: not found in FanControl.&lt;/span&gt;&lt;/td&gt;
		&lt;td&gt;off &lt;span class="error"&gt;Method setHeater: not found in FanControl.&lt;/span&gt;&lt;/td&gt;
	&lt;/tr&gt;
	&lt;tr&gt;
		&lt;td&gt;27 &lt;span class="error"&gt;Method setTemperatureDegrees: not found in FanControl.&lt;/span&gt;&lt;/td&gt;
		&lt;td&gt;on &lt;span class="error"&gt;Method setFan: not found in FanControl.&lt;/span&gt;&lt;/td&gt;
		&lt;td&gt;off &lt;span class="error"&gt;Method setHeater: not found in FanControl.&lt;/span&gt;&lt;/td&gt;
	&lt;/tr&gt;
	&lt;tr&gt;
		&lt;td&gt;28 &lt;span class="error"&gt;Method setTemperatureDegrees: not found in FanControl.&lt;/span&gt;&lt;/td&gt;
		&lt;td&gt;on &lt;span class="error"&gt;Method setFan: not found in FanControl.&lt;/span&gt;&lt;/td&gt;
		&lt;td&gt;off &lt;span class="error"&gt;Method setHeater: not found in FanControl.&lt;/span&gt;&lt;/td&gt;
	&lt;/tr&gt;
&lt;/table&gt;
</content>
    <relativePageName>FanControlTests</relativePageName>
            <instructions>
            <instructionResult>
        <instruction>{id='decisionTable_0_0', instruction='make', instanceName='decisionTable_0', className='FanControl', args=[]}</instruction>
        <slimResult>pass(Fan Control)</slimResult>
                <expectation>
                    <status>pass</status>
                    <instructionId>decisionTable_0_0</instructionId>
                    <col>0</col>
                              <row>0</row>
                    <type>ConstructionExpectation</type>
                                        <evaluationMessage>Fan Control</evaluationMessage>
                  </expectation>
              </instructionResult>
            <instructionResult>
        <instruction>{id='decisionTable_0_4', instruction='call', instanceName='decisionTable_0', methodName='setTemperatureDegrees', args=[16]}</instruction>
        <slimResult></slimResult>
                <expectation>
                    <status>error</status>
                    <instructionId>decisionTable_0_4</instructionId>
                              <type>VoidReturnExpectation</type>
                                        <evaluationMessage>Method setTemperatureDegrees: not found in FanControl.</evaluationMessage>
                  </expectation>
              </instructionResult>
            <instructionResult>
        <instruction>{id='decisionTable_0_5', instruction='call', instanceName='decisionTable_0', methodName='setFan', args=[off]}</instruction>
        <slimResult></slimResult>
                <expectation>
                    <status>error</status>
                    <instructionId>decisionTable_0_5</instructionId>
                              <type>VoidReturnExpectation</type>
                                        <evaluationMessage>Method setFan: not found in FanControl.</evaluationMessage>
                  </expectation>
              </instructionResult>
            <instructionResult>
        <instruction>{id='decisionTable_0_6', instruction='call', instanceName='decisionTable_0', methodName='setHeater', args=[on]}</instruction>
        <slimResult></slimResult>
                <expectation>
                    <status>error</status>
                    <instructionId>decisionTable_0_6</instructionId>
                              <type>VoidReturnExpectation</type>
                                        <evaluationMessage>Method setHeater: not found in FanControl.</evaluationMessage>
                  </expectation>
              </instructionResult>
            <instructionResult>
        <instruction>{id='decisionTable_0_9', instruction='call', instanceName='decisionTable_0', methodName='setTemperatureDegrees', args=[18]}</instruction>
        <slimResult></slimResult>
                <expectation>
                    <status>error</status>
                    <instructionId>decisionTable_0_9</instructionId>
                              <type>VoidReturnExpectation</type>
                                        <evaluationMessage>Method setTemperatureDegrees: not found in FanControl.</evaluationMessage>
                  </expectation>
              </instructionResult>
            <instructionResult>
        <instruction>{id='decisionTable_0_10', instruction='call', instanceName='decisionTable_0', methodName='setFan', args=[off]}</instruction>
        <slimResult></slimResult>
                <expectation>
                    <status>error</status>
                    <instructionId>decisionTable_0_10</instructionId>
                              <type>VoidReturnExpectation</type>
                                        <evaluationMessage>Method setFan: not found in FanControl.</evaluationMessage>
                  </expectation>
              </instructionResult>
            <instructionResult>
        <instruction>{id='decisionTable_0_11', instruction='call', instanceName='decisionTable_0', methodName='setHeater', args=[on]}</instruction>
        <slimResult></slimResult>
                <expectation>
                    <status>error</status>
                    <instructionId>decisionTable_0_11</instructionId>
                              <type>VoidReturnExpectation</type>
                                        <evaluationMessage>Method setHeater: not found in FanControl.</evaluationMessage>
                  </expectation>
              </instructionResult>
            <instructionResult>
        <instruction>{id='decisionTable_0_14', instruction='call', instanceName='decisionTable_0', methodName='setTemperatureDegrees', args=[19]}</instruction>
        <slimResult></slimResult>
                <expectation>
                    <status>error</status>
                    <instructionId>decisionTable_0_14</instructionId>
                              <type>VoidReturnExpectation</type>
                                        <evaluationMessage>Method setTemperatureDegrees: not found in FanControl.</evaluationMessage>
                  </expectation>
              </instructionResult>
            <instructionResult>
        <instruction>{id='decisionTable_0_15', instruction='call', instanceName='decisionTable_0', methodName='setFan', args=[off]}</instruction>
        <slimResult></slimResult>
                <expectation>
                    <status>error</status>
                    <instructionId>decisionTable_0_15</instructionId>
                              <type>VoidReturnExpectation</type>
                                        <evaluationMessage>Method setFan: not found in FanControl.</evaluationMessage>
                  </expectation>
              </instructionResult>
            <instructionResult>
        <instruction>{id='decisionTable_0_16', instruction='call', instanceName='decisionTable_0', methodName='setHeater', args=[on]}</instruction>
        <slimResult></slimResult>
                <expectation>
                    <status>error</status>
                    <instructionId>decisionTable_0_16</instructionId>
                              <type>VoidReturnExpectation</type>
                                        <evaluationMessage>Method setHeater: not found in FanControl.</evaluationMessage>
                  </expectation>
              </instructionResult>
            <instructionResult>
        <instruction>{id='decisionTable_0_19', instruction='call', instanceName='decisionTable_0', methodName='setTemperatureDegrees', args=[21]}</instruction>
        <slimResult></slimResult>
                <expectation>
                    <status>error</status>
                    <instructionId>decisionTable_0_19</instructionId>
                              <type>VoidReturnExpectation</type>
                                        <evaluationMessage>Method setTemperatureDegrees: not found in FanControl.</evaluationMessage>
                  </expectation>
              </instructionResult>
            <instructionResult>
        <instruction>{id='decisionTable_0_20', instruction='call', instanceName='decisionTable_0', methodName='setFan', args=[off]}</instruction>
        <slimResult></slimResult>
                <expectation>
                    <status>error</status>
                    <instructionId>decisionTable_0_20</instructionId>
                              <type>VoidReturnExpectation</type>
                                        <evaluationMessage>Method setFan: not found in FanControl.</evaluationMessage>
                  </expectation>
              </instructionResult>
            <instructionResult>
        <instruction>{id='decisionTable_0_21', instruction='call', instanceName='decisionTable_0', methodName='setHeater', args=[off]}</instruction>
        <slimResult></slimResult>
                <expectation>
                    <status>error</status>
                    <instructionId>decisionTable_0_21</instructionId>
                              <type>VoidReturnExpectation</type>
                                        <evaluationMessage>Method setHeater: not found in FanControl.</evaluationMessage>
                  </expectation>
              </instructionResult>
            <instructionResult>
        <instruction>{id='decisionTable_0_24', instruction='call', instanceName='decisionTable_0', methodName='setTemperatureDegrees', args=[22]}</instruction>
        <slimResult></slimResult>
                <expectation>
                    <status>error</status>
                    <instructionId>decisionTable_0_24</instructionId>
                              <type>VoidReturnExpectation</type>
                                        <evaluationMessage>Method setTemperatureDegrees: not found in FanControl.</evaluationMessage>
                  </expectation>
              </instructionResult>
            <instructionResult>
        <instruction>{id='decisionTable_0_25', instruction='call', instanceName='decisionTable_0', methodName='setFan', args=[on]}</instruction>
        <slimResult></slimResult>
                <expectation>
                    <status>error</status>
                    <instructionId>decisionTable_0_25</instructionId>
                              <type>VoidReturnExpectation</type>
                                        <evaluationMessage>Method setFan: not found in FanControl.</evaluationMessage>
                  </expectation>
              </instructionResult>
            <instructionResult>
        <instruction>{id='decisionTable_0_26', instruction='call', instanceName='decisionTable_0', methodName='setHeater', args=[off]}</instruction>
        <slimResult></slimResult>
                <expectation>
                    <status>error</status>
                    <instructionId>decisionTable_0_26</instructionId>
                              <type>VoidReturnExpectation</type>
                                        <evaluationMessage>Method setHeater: not found in FanControl.</evaluationMessage>
                  </expectation>
              </instructionResult>
            <instructionResult>
        <instruction>{id='decisionTable_0_29', instruction='call', instanceName='decisionTable_0', methodName='setTemperatureDegrees', args=[26]}</instruction>
        <slimResult></slimResult>
                <expectation>
                    <status>error</status>
                    <instructionId>decisionTable_0_29</instructionId>
                              <type>VoidReturnExpectation</type>
                                        <evaluationMessage>Method setTemperatureDegrees: not found in FanControl.</evaluationMessage>
                  </expectation>
              </instructionResult>
            <instructionResult>
        <instruction>{id='decisionTable_0_30', instruction='call', instanceName='decisionTable_0', methodName='setFan', args=[on]}</instruction>
        <slimResult></slimResult>
                <expectation>
                    <status>error</status>
                    <instructionId>decisionTable_0_30</instructionId>
                              <type>VoidReturnExpectation</type>
                                        <evaluationMessage>Method setFan: not found in FanControl.</evaluationMessage>
                  </expectation>
              </instructionResult>
            <instructionResult>
        <instruction>{id='decisionTable_0_31', instruction='call', instanceName='decisionTable_0', methodName='setHeater', args=[off]}</instruction>
        <slimResult></slimResult>
                <expectation>
                    <status>error</status>
                    <instructionId>decisionTable_0_31</instructionId>
                              <type>VoidReturnExpectation</type>
                                        <evaluationMessage>Method setHeater: not found in FanControl.</evaluationMessage>
                  </expectation>
              </instructionResult>
            <instructionResult>
        <instruction>{id='decisionTable_0_34', instruction='call', instanceName='decisionTable_0', methodName='setTemperatureDegrees', args=[27]}</instruction>
        <slimResult></slimResult>
                <expectation>
                    <status>error</status>
                    <instructionId>decisionTable_0_34</instructionId>
                              <type>VoidReturnExpectation</type>
                                        <evaluationMessage>Method setTemperatureDegrees: not found in FanControl.</evaluationMessage>
                  </expectation>
              </instructionResult>
            <instructionResult>
        <instruction>{id='decisionTable_0_35', instruction='call', instanceName='decisionTable_0', methodName='setFan', args=[on]}</instruction>
        <slimResult></slimResult>
                <expectation>
                    <status>error</status>
                    <instructionId>decisionTable_0_35</instructionId>
                              <type>VoidReturnExpectation</type>
                                        <evaluationMessage>Method setFan: not found in FanControl.</evaluationMessage>
                  </expectation>
              </instructionResult>
            <instructionResult>
        <instruction>{id='decisionTable_0_36', instruction='call', instanceName='decisionTable_0', methodName='setHeater', args=[off]}</instruction>
        <slimResult></slimResult>
                <expectation>
                    <status>error</status>
                    <instructionId>decisionTable_0_36</instructionId>
                              <type>VoidReturnExpectation</type>
                                        <evaluationMessage>Method setHeater: not found in FanControl.</evaluationMessage>
                  </expectation>
              </instructionResult>
            <instructionResult>
        <instruction>{id='decisionTable_0_39', instruction='call', instanceName='decisionTable_0', methodName='setTemperatureDegrees', args=[28]}</instruction>
        <slimResult></slimResult>
                <expectation>
                    <status>error</status>
                    <instructionId>decisionTable_0_39</instructionId>
                              <type>VoidReturnExpectation</type>
                                        <evaluationMessage>Method setTemperatureDegrees: not found in FanControl.</evaluationMessage>
                  </expectation>
              </instructionResult>
            <instructionResult>
        <instruction>{id='decisionTable_0_40', instruction='call', instanceName='decisionTable_0', methodName='setFan', args=[on]}</instruction>
        <slimResult></slimResult>
                <expectation>
                    <status>error</status>
                    <instructionId>decisionTable_0_40</instructionId>
                              <type>VoidReturnExpectation</type>
                                        <evaluationMessage>Method setFan: not found in FanControl.</evaluationMessage>
                  </expectation>
              </instructionResult>
            <instructionResult>
        <instruction>{id='decisionTable_0_41', instruction='call', instanceName='decisionTable_0', methodName='setHeater', args=[off]}</instruction>
        <slimResult></slimResult>
                <expectation>
                    <status>error</status>
                    <instructionId>decisionTable_0_41</instructionId>
                              <type>VoidReturnExpectation</type>
                                        <evaluationMessage>Method setHeater: not found in FanControl.</evaluationMessage>
                  </expectation>
              </instructionResult>
          </instructions>
      </result>
    <executionLog>
    <testSystem>slim:./RunTestsTargetWithSlimPort</testSystem>
    <command>./RunTestsTargetWithSlimPort 8089</command>
    <exitCode>0</exitCode>
    <stdOut></stdOut>    <stdErr>App Spec: &lt;DTiPhoneSimulatorApplicationSpecifier 0x7fea5302c6c0&gt; specified by app path /Users/paulstringer/Library/Developer/Xcode/DerivedData/Build/Products/Debug-iphonesimulator/AcceptanceTests.app
SDK Root: &lt;DTiPhoneSimulatorSystemRoot 0x7fea53029380&gt; path=/Applications/Xcode.app/Contents/Developer/Platforms/WatchSimulator.platform/Developer/SDKs/WatchSimulator.sdk
Creating named pipe at `/var/folders/9f/1t5s18_d09l9w31_pw26b5bm0000gn/T//ios-sim-stderr-pipe-1448566189'
Creating named pipe at `/var/folders/9f/1t5s18_d09l9w31_pw26b5bm0000gn/T//ios-sim-stdout-pipe-1448566189'
using device family iphone
2015-11-26 19:29:49.328 ios-sim[70177:4206840] [MT] DVTAssertions: Warning in /Library/Caches/com.apple.xbs/Sources/DVTFrameworks/DVTFrameworks-9073/DVTFoundation/PlugInArchitecture/PlugInManager/DVTPlugInManager.m:257
Details:  Requested but did not find extension point with identifier Xcode.DVTFoundation.DevicePlatformMapping
Object:   &lt;DVTPlugInManager: 0x7fea530bb250&gt;
Method:   -extensionPointWithIdentifier:
Thread:   &lt;NSThread: 0x7fea50c0de80&gt;{number = 1, name = main}
Please file a bug at http://bugreport.apple.com with this warning message and any useful information you can provide.
Session started
Session did end with error (null)
Removing named pipe at `/var/folders/9f/1t5s18_d09l9w31_pw26b5bm0000gn/T//ios-sim-stderr-pipe-1448566189'
Removing named pipe at `/var/folders/9f/1t5s18_d09l9w31_pw26b5bm0000gn/T//ios-sim-stdout-pipe-1448566189'
</stdErr>  </executionLog>
  <finalCounts>
    <right>0</right>
    <wrong>0</wrong>
    <ignores>0</ignores>
    <exceptions>1</exceptions>
  </finalCounts>
  <totalRunTimeInMillis>496</totalRunTimeInMillis>
</testResults>

