<?xml version="1.0"?>
<testResults>
  <FitNesseVersion>v20150814</FitNesseVersion>
  <rootPath>FanControlTests</rootPath>
    <result>
    <counts>
      <right>0</right>
      <wrong>0</wrong>
      <ignores>0</ignores>
      <exceptions>39</exceptions>
    </counts>
   <runTimeInMillis>83</runTimeInMillis>
    <content>&lt;br/&gt;&lt;div class="contents"&gt;
	&lt;b&gt;Contents:&lt;/b&gt;
	&lt;ul class="toc1"/&gt;&lt;ul class="toc1"/&gt;
&lt;/div&gt;
&lt;br/&gt;&lt;br/&gt;&lt;h1&gt;Fan Control&lt;/h1&gt;
&lt;br/&gt;&lt;table&gt;
	&lt;tr&gt;
		&lt;td&gt;temperature degrees &lt;span class="error"&gt;Could not find class TemperatureDegrees.&lt;/span&gt;&lt;/td&gt;
		&lt;td&gt;fan&lt;/td&gt;
		&lt;td&gt;heater&lt;/td&gt;
	&lt;/tr&gt;
	&lt;tr&gt;
		&lt;td&gt;16&lt;/td&gt;
		&lt;td&gt;off&lt;/td&gt;
		&lt;td&gt;on&lt;/td&gt;
	&lt;/tr&gt;
	&lt;tr&gt;
		&lt;td&gt;18 &lt;span class="error"&gt;The instance decisionTable_0. does not exist&lt;/span&gt;&lt;/td&gt;
		&lt;td&gt;off &lt;span class="error"&gt;The instance decisionTable_0. does not exist&lt;/span&gt;&lt;/td&gt;
		&lt;td&gt;on &lt;span class="error"&gt;The instance decisionTable_0. does not exist&lt;/span&gt;&lt;/td&gt;
	&lt;/tr&gt;
	&lt;tr&gt;
		&lt;td&gt;19 &lt;span class="error"&gt;The instance decisionTable_0. does not exist&lt;/span&gt;&lt;/td&gt;
		&lt;td&gt;off &lt;span class="error"&gt;The instance decisionTable_0. does not exist&lt;/span&gt;&lt;/td&gt;
		&lt;td&gt;on &lt;span class="error"&gt;The instance decisionTable_0. does not exist&lt;/span&gt;&lt;/td&gt;
	&lt;/tr&gt;
	&lt;tr&gt;
		&lt;td&gt;21 &lt;span class="error"&gt;The instance decisionTable_0. does not exist&lt;/span&gt;&lt;/td&gt;
		&lt;td&gt;off &lt;span class="error"&gt;The instance decisionTable_0. does not exist&lt;/span&gt;&lt;/td&gt;
		&lt;td&gt;off &lt;span class="error"&gt;The instance decisionTable_0. does not exist&lt;/span&gt;&lt;/td&gt;
	&lt;/tr&gt;
	&lt;tr&gt;
		&lt;td&gt;22 &lt;span class="error"&gt;The instance decisionTable_0. does not exist&lt;/span&gt;&lt;/td&gt;
		&lt;td&gt;on &lt;span class="error"&gt;The instance decisionTable_0. does not exist&lt;/span&gt;&lt;/td&gt;
		&lt;td&gt;off &lt;span class="error"&gt;The instance decisionTable_0. does not exist&lt;/span&gt;&lt;/td&gt;
	&lt;/tr&gt;
	&lt;tr&gt;
		&lt;td&gt;26 &lt;span class="error"&gt;The instance decisionTable_0. does not exist&lt;/span&gt;&lt;/td&gt;
		&lt;td&gt;on &lt;span class="error"&gt;The instance decisionTable_0. does not exist&lt;/span&gt;&lt;/td&gt;
		&lt;td&gt;off &lt;span class="error"&gt;The instance decisionTable_0. does not exist&lt;/span&gt;&lt;/td&gt;
	&lt;/tr&gt;
	&lt;tr&gt;
		&lt;td&gt;27 &lt;span class="error"&gt;The instance decisionTable_0. does not exist&lt;/span&gt;&lt;/td&gt;
		&lt;td&gt;on &lt;span class="error"&gt;The instance decisionTable_0. does not exist&lt;/span&gt;&lt;/td&gt;
		&lt;td&gt;off &lt;span class="error"&gt;The instance decisionTable_0. does not exist&lt;/span&gt;&lt;/td&gt;
	&lt;/tr&gt;
	&lt;tr&gt;
		&lt;td&gt;28 &lt;span class="error"&gt;The instance decisionTable_0. does not exist&lt;/span&gt;&lt;/td&gt;
		&lt;td&gt;on &lt;span class="error"&gt;The instance decisionTable_0. does not exist&lt;/span&gt;&lt;/td&gt;
		&lt;td&gt;off &lt;span class="error"&gt;The instance decisionTable_0. does not exist&lt;/span&gt;&lt;/td&gt;
	&lt;/tr&gt;
&lt;/table&gt;
</content>
    <relativePageName>FanControlTests</relativePageName>
            <instructions>
            <instructionResult>
        <instruction>{id='decisionTable_0_0', instruction='make', instanceName='decisionTable_0', className='TemperatureDegrees', args=[fan, heater]}</instruction>
        <slimResult></slimResult>
                <expectation>
                    <status>error</status>
                    <instructionId>decisionTable_0_0</instructionId>
                              <type>ConstructionExpectation</type>
                                        <evaluationMessage>Could not find class TemperatureDegrees.</evaluationMessage>
                  </expectation>
              </instructionResult>
            <instructionResult>
        <instruction>{id='decisionTable_0_1', instruction='call', instanceName='decisionTable_0', methodName='table', args=[[[16, off, on], [18, off, on], [19, off, on], [21, off, off], [22, on, off], [26, on, off], [27, on, off], [28, on, off]]]}</instruction>
        <slimResult></slimResult>
                <expectation>
                    <status>error</status>
                    <instructionId>decisionTable_0_1</instructionId>
                              <type>SilentReturnExpectation</type>
                                        <evaluationMessage>The instance decisionTable_0. does not exist</evaluationMessage>
                  </expectation>
              </instructionResult>
            <instructionResult>
        <instruction>{id='decisionTable_0_2', instruction='call', instanceName='decisionTable_0', methodName='beginTable', args=[]}</instruction>
        <slimResult></slimResult>
                <expectation>
                    <status>error</status>
                    <instructionId>decisionTable_0_2</instructionId>
                              <type>SilentReturnExpectation</type>
                                        <evaluationMessage>The instance decisionTable_0. does not exist</evaluationMessage>
                  </expectation>
              </instructionResult>
            <instructionResult>
        <instruction>{id='decisionTable_0_3', instruction='call', instanceName='decisionTable_0', methodName='reset', args=[]}</instruction>
        <slimResult></slimResult>
                <expectation>
                    <status>error</status>
                    <instructionId>decisionTable_0_3</instructionId>
                              <type>SilentReturnExpectation</type>
                                        <evaluationMessage>The instance decisionTable_0. does not exist</evaluationMessage>
                  </expectation>
              </instructionResult>
            <instructionResult>
        <instruction>{id='decisionTable_0_4', instruction='call', instanceName='decisionTable_0', methodName='set16', args=[18]}</instruction>
        <slimResult></slimResult>
                <expectation>
                    <status>error</status>
                    <instructionId>decisionTable_0_4</instructionId>
                              <type>VoidReturnExpectation</type>
                                        <evaluationMessage>The instance decisionTable_0. does not exist</evaluationMessage>
                  </expectation>
              </instructionResult>
            <instructionResult>
        <instruction>{id='decisionTable_0_5', instruction='call', instanceName='decisionTable_0', methodName='setOff', args=[off]}</instruction>
        <slimResult></slimResult>
                <expectation>
                    <status>error</status>
                    <instructionId>decisionTable_0_5</instructionId>
                              <type>VoidReturnExpectation</type>
                                        <evaluationMessage>The instance decisionTable_0. does not exist</evaluationMessage>
                  </expectation>
              </instructionResult>
            <instructionResult>
        <instruction>{id='decisionTable_0_6', instruction='call', instanceName='decisionTable_0', methodName='setOn', args=[on]}</instruction>
        <slimResult></slimResult>
                <expectation>
                    <status>error</status>
                    <instructionId>decisionTable_0_6</instructionId>
                              <type>VoidReturnExpectation</type>
                                        <evaluationMessage>The instance decisionTable_0. does not exist</evaluationMessage>
                  </expectation>
              </instructionResult>
            <instructionResult>
        <instruction>{id='decisionTable_0_7', instruction='call', instanceName='decisionTable_0', methodName='execute', args=[]}</instruction>
        <slimResult></slimResult>
                <expectation>
                    <status>error</status>
                    <instructionId>decisionTable_0_7</instructionId>
                              <type>SilentReturnExpectation</type>
                                        <evaluationMessage>The instance decisionTable_0. does not exist</evaluationMessage>
                  </expectation>
              </instructionResult>
            <instructionResult>
        <instruction>{id='decisionTable_0_8', instruction='call', instanceName='decisionTable_0', methodName='reset', args=[]}</instruction>
        <slimResult></slimResult>
                <expectation>
                    <status>error</status>
                    <instructionId>decisionTable_0_8</instructionId>
                              <type>SilentReturnExpectation</type>
                                        <evaluationMessage>The instance decisionTable_0. does not exist</evaluationMessage>
                  </expectation>
              </instructionResult>
            <instructionResult>
        <instruction>{id='decisionTable_0_9', instruction='call', instanceName='decisionTable_0', methodName='set16', args=[19]}</instruction>
        <slimResult></slimResult>
                <expectation>
                    <status>error</status>
                    <instructionId>decisionTable_0_9</instructionId>
                              <type>VoidReturnExpectation</type>
                                        <evaluationMessage>The instance decisionTable_0. does not exist</evaluationMessage>
                  </expectation>
              </instructionResult>
            <instructionResult>
        <instruction>{id='decisionTable_0_10', instruction='call', instanceName='decisionTable_0', methodName='setOff', args=[off]}</instruction>
        <slimResult></slimResult>
                <expectation>
                    <status>error</status>
                    <instructionId>decisionTable_0_10</instructionId>
                              <type>VoidReturnExpectation</type>
                                        <evaluationMessage>The instance decisionTable_0. does not exist</evaluationMessage>
                  </expectation>
              </instructionResult>
            <instructionResult>
        <instruction>{id='decisionTable_0_11', instruction='call', instanceName='decisionTable_0', methodName='setOn', args=[on]}</instruction>
        <slimResult></slimResult>
                <expectation>
                    <status>error</status>
                    <instructionId>decisionTable_0_11</instructionId>
                              <type>VoidReturnExpectation</type>
                                        <evaluationMessage>The instance decisionTable_0. does not exist</evaluationMessage>
                  </expectation>
              </instructionResult>
            <instructionResult>
        <instruction>{id='decisionTable_0_12', instruction='call', instanceName='decisionTable_0', methodName='execute', args=[]}</instruction>
        <slimResult></slimResult>
                <expectation>
                    <status>error</status>
                    <instructionId>decisionTable_0_12</instructionId>
                              <type>SilentReturnExpectation</type>
                                        <evaluationMessage>The instance decisionTable_0. does not exist</evaluationMessage>
                  </expectation>
              </instructionResult>
            <instructionResult>
        <instruction>{id='decisionTable_0_13', instruction='call', instanceName='decisionTable_0', methodName='reset', args=[]}</instruction>
        <slimResult></slimResult>
                <expectation>
                    <status>error</status>
                    <instructionId>decisionTable_0_13</instructionId>
                              <type>SilentReturnExpectation</type>
                                        <evaluationMessage>The instance decisionTable_0. does not exist</evaluationMessage>
                  </expectation>
              </instructionResult>
            <instructionResult>
        <instruction>{id='decisionTable_0_14', instruction='call', instanceName='decisionTable_0', methodName='set16', args=[21]}</instruction>
        <slimResult></slimResult>
                <expectation>
                    <status>error</status>
                    <instructionId>decisionTable_0_14</instructionId>
                              <type>VoidReturnExpectation</type>
                                        <evaluationMessage>The instance decisionTable_0. does not exist</evaluationMessage>
                  </expectation>
              </instructionResult>
            <instructionResult>
        <instruction>{id='decisionTable_0_15', instruction='call', instanceName='decisionTable_0', methodName='setOff', args=[off]}</instruction>
        <slimResult></slimResult>
                <expectation>
                    <status>error</status>
                    <instructionId>decisionTable_0_15</instructionId>
                              <type>VoidReturnExpectation</type>
                                        <evaluationMessage>The instance decisionTable_0. does not exist</evaluationMessage>
                  </expectation>
              </instructionResult>
            <instructionResult>
        <instruction>{id='decisionTable_0_16', instruction='call', instanceName='decisionTable_0', methodName='setOn', args=[off]}</instruction>
        <slimResult></slimResult>
                <expectation>
                    <status>error</status>
                    <instructionId>decisionTable_0_16</instructionId>
                              <type>VoidReturnExpectation</type>
                                        <evaluationMessage>The instance decisionTable_0. does not exist</evaluationMessage>
                  </expectation>
              </instructionResult>
            <instructionResult>
        <instruction>{id='decisionTable_0_17', instruction='call', instanceName='decisionTable_0', methodName='execute', args=[]}</instruction>
        <slimResult></slimResult>
                <expectation>
                    <status>error</status>
                    <instructionId>decisionTable_0_17</instructionId>
                              <type>SilentReturnExpectation</type>
                                        <evaluationMessage>The instance decisionTable_0. does not exist</evaluationMessage>
                  </expectation>
              </instructionResult>
            <instructionResult>
        <instruction>{id='decisionTable_0_18', instruction='call', instanceName='decisionTable_0', methodName='reset', args=[]}</instruction>
        <slimResult></slimResult>
                <expectation>
                    <status>error</status>
                    <instructionId>decisionTable_0_18</instructionId>
                              <type>SilentReturnExpectation</type>
                                        <evaluationMessage>The instance decisionTable_0. does not exist</evaluationMessage>
                  </expectation>
              </instructionResult>
            <instructionResult>
        <instruction>{id='decisionTable_0_19', instruction='call', instanceName='decisionTable_0', methodName='set16', args=[22]}</instruction>
        <slimResult></slimResult>
                <expectation>
                    <status>error</status>
                    <instructionId>decisionTable_0_19</instructionId>
                              <type>VoidReturnExpectation</type>
                                        <evaluationMessage>The instance decisionTable_0. does not exist</evaluationMessage>
                  </expectation>
              </instructionResult>
            <instructionResult>
        <instruction>{id='decisionTable_0_20', instruction='call', instanceName='decisionTable_0', methodName='setOff', args=[on]}</instruction>
        <slimResult></slimResult>
                <expectation>
                    <status>error</status>
                    <instructionId>decisionTable_0_20</instructionId>
                              <type>VoidReturnExpectation</type>
                                        <evaluationMessage>The instance decisionTable_0. does not exist</evaluationMessage>
                  </expectation>
              </instructionResult>
            <instructionResult>
        <instruction>{id='decisionTable_0_21', instruction='call', instanceName='decisionTable_0', methodName='setOn', args=[off]}</instruction>
        <slimResult></slimResult>
                <expectation>
                    <status>error</status>
                    <instructionId>decisionTable_0_21</instructionId>
                              <type>VoidReturnExpectation</type>
                                        <evaluationMessage>The instance decisionTable_0. does not exist</evaluationMessage>
                  </expectation>
              </instructionResult>
            <instructionResult>
        <instruction>{id='decisionTable_0_22', instruction='call', instanceName='decisionTable_0', methodName='execute', args=[]}</instruction>
        <slimResult></slimResult>
                <expectation>
                    <status>error</status>
                    <instructionId>decisionTable_0_22</instructionId>
                              <type>SilentReturnExpectation</type>
                                        <evaluationMessage>The instance decisionTable_0. does not exist</evaluationMessage>
                  </expectation>
              </instructionResult>
            <instructionResult>
        <instruction>{id='decisionTable_0_23', instruction='call', instanceName='decisionTable_0', methodName='reset', args=[]}</instruction>
        <slimResult></slimResult>
                <expectation>
                    <status>error</status>
                    <instructionId>decisionTable_0_23</instructionId>
                              <type>SilentReturnExpectation</type>
                                        <evaluationMessage>The instance decisionTable_0. does not exist</evaluationMessage>
                  </expectation>
              </instructionResult>
            <instructionResult>
        <instruction>{id='decisionTable_0_24', instruction='call', instanceName='decisionTable_0', methodName='set16', args=[26]}</instruction>
        <slimResult></slimResult>
                <expectation>
                    <status>error</status>
                    <instructionId>decisionTable_0_24</instructionId>
                              <type>VoidReturnExpectation</type>
                                        <evaluationMessage>The instance decisionTable_0. does not exist</evaluationMessage>
                  </expectation>
              </instructionResult>
            <instructionResult>
        <instruction>{id='decisionTable_0_25', instruction='call', instanceName='decisionTable_0', methodName='setOff', args=[on]}</instruction>
        <slimResult></slimResult>
                <expectation>
                    <status>error</status>
                    <instructionId>decisionTable_0_25</instructionId>
                              <type>VoidReturnExpectation</type>
                                        <evaluationMessage>The instance decisionTable_0. does not exist</evaluationMessage>
                  </expectation>
              </instructionResult>
            <instructionResult>
        <instruction>{id='decisionTable_0_26', instruction='call', instanceName='decisionTable_0', methodName='setOn', args=[off]}</instruction>
        <slimResult></slimResult>
                <expectation>
                    <status>error</status>
                    <instructionId>decisionTable_0_26</instructionId>
                              <type>VoidReturnExpectation</type>
                                        <evaluationMessage>The instance decisionTable_0. does not exist</evaluationMessage>
                  </expectation>
              </instructionResult>
            <instructionResult>
        <instruction>{id='decisionTable_0_27', instruction='call', instanceName='decisionTable_0', methodName='execute', args=[]}</instruction>
        <slimResult></slimResult>
                <expectation>
                    <status>error</status>
                    <instructionId>decisionTable_0_27</instructionId>
                              <type>SilentReturnExpectation</type>
                                        <evaluationMessage>The instance decisionTable_0. does not exist</evaluationMessage>
                  </expectation>
              </instructionResult>
            <instructionResult>
        <instruction>{id='decisionTable_0_28', instruction='call', instanceName='decisionTable_0', methodName='reset', args=[]}</instruction>
        <slimResult></slimResult>
                <expectation>
                    <status>error</status>
                    <instructionId>decisionTable_0_28</instructionId>
                              <type>SilentReturnExpectation</type>
                                        <evaluationMessage>The instance decisionTable_0. does not exist</evaluationMessage>
                  </expectation>
              </instructionResult>
            <instructionResult>
        <instruction>{id='decisionTable_0_29', instruction='call', instanceName='decisionTable_0', methodName='set16', args=[27]}</instruction>
        <slimResult></slimResult>
                <expectation>
                    <status>error</status>
                    <instructionId>decisionTable_0_29</instructionId>
                              <type>VoidReturnExpectation</type>
                                        <evaluationMessage>The instance decisionTable_0. does not exist</evaluationMessage>
                  </expectation>
              </instructionResult>
            <instructionResult>
        <instruction>{id='decisionTable_0_30', instruction='call', instanceName='decisionTable_0', methodName='setOff', args=[on]}</instruction>
        <slimResult></slimResult>
                <expectation>
                    <status>error</status>
                    <instructionId>decisionTable_0_30</instructionId>
                              <type>VoidReturnExpectation</type>
                                        <evaluationMessage>The instance decisionTable_0. does not exist</evaluationMessage>
                  </expectation>
              </instructionResult>
            <instructionResult>
        <instruction>{id='decisionTable_0_31', instruction='call', instanceName='decisionTable_0', methodName='setOn', args=[off]}</instruction>
        <slimResult></slimResult>
                <expectation>
                    <status>error</status>
                    <instructionId>decisionTable_0_31</instructionId>
                              <type>VoidReturnExpectation</type>
                                        <evaluationMessage>The instance decisionTable_0. does not exist</evaluationMessage>
                  </expectation>
              </instructionResult>
            <instructionResult>
        <instruction>{id='decisionTable_0_32', instruction='call', instanceName='decisionTable_0', methodName='execute', args=[]}</instruction>
        <slimResult></slimResult>
                <expectation>
                    <status>error</status>
                    <instructionId>decisionTable_0_32</instructionId>
                              <type>SilentReturnExpectation</type>
                                        <evaluationMessage>The instance decisionTable_0. does not exist</evaluationMessage>
                  </expectation>
              </instructionResult>
            <instructionResult>
        <instruction>{id='decisionTable_0_33', instruction='call', instanceName='decisionTable_0', methodName='reset', args=[]}</instruction>
        <slimResult></slimResult>
                <expectation>
                    <status>error</status>
                    <instructionId>decisionTable_0_33</instructionId>
                              <type>SilentReturnExpectation</type>
                                        <evaluationMessage>The instance decisionTable_0. does not exist</evaluationMessage>
                  </expectation>
              </instructionResult>
            <instructionResult>
        <instruction>{id='decisionTable_0_34', instruction='call', instanceName='decisionTable_0', methodName='set16', args=[28]}</instruction>
        <slimResult></slimResult>
                <expectation>
                    <status>error</status>
                    <instructionId>decisionTable_0_34</instructionId>
                              <type>VoidReturnExpectation</type>
                                        <evaluationMessage>The instance decisionTable_0. does not exist</evaluationMessage>
                  </expectation>
              </instructionResult>
            <instructionResult>
        <instruction>{id='decisionTable_0_35', instruction='call', instanceName='decisionTable_0', methodName='setOff', args=[on]}</instruction>
        <slimResult></slimResult>
                <expectation>
                    <status>error</status>
                    <instructionId>decisionTable_0_35</instructionId>
                              <type>VoidReturnExpectation</type>
                                        <evaluationMessage>The instance decisionTable_0. does not exist</evaluationMessage>
                  </expectation>
              </instructionResult>
            <instructionResult>
        <instruction>{id='decisionTable_0_36', instruction='call', instanceName='decisionTable_0', methodName='setOn', args=[off]}</instruction>
        <slimResult></slimResult>
                <expectation>
                    <status>error</status>
                    <instructionId>decisionTable_0_36</instructionId>
                              <type>VoidReturnExpectation</type>
                                        <evaluationMessage>The instance decisionTable_0. does not exist</evaluationMessage>
                  </expectation>
              </instructionResult>
            <instructionResult>
        <instruction>{id='decisionTable_0_37', instruction='call', instanceName='decisionTable_0', methodName='execute', args=[]}</instruction>
        <slimResult></slimResult>
                <expectation>
                    <status>error</status>
                    <instructionId>decisionTable_0_37</instructionId>
                              <type>SilentReturnExpectation</type>
                                        <evaluationMessage>The instance decisionTable_0. does not exist</evaluationMessage>
                  </expectation>
              </instructionResult>
            <instructionResult>
        <instruction>{id='decisionTable_0_38', instruction='call', instanceName='decisionTable_0', methodName='endTable', args=[]}</instruction>
        <slimResult></slimResult>
                <expectation>
                    <status>error</status>
                    <instructionId>decisionTable_0_38</instructionId>
                              <type>SilentReturnExpectation</type>
                                        <evaluationMessage>The instance decisionTable_0. does not exist</evaluationMessage>
                  </expectation>
              </instructionResult>
          </instructions>
      </result>
    <executionLog>
    <testSystem>slim:./RunTestsTargetWithSlimPort</testSystem>
    <command>./RunTestsTargetWithSlimPort 8085</command>
    <exitCode>0</exitCode>
    <stdOut></stdOut>    <stdErr>App Spec: &lt;DTiPhoneSimulatorApplicationSpecifier 0x7fb0ca2007d0&gt; specified by app path /Users/paulstringer/Library/Developer/Xcode/DerivedData/Build/Products/Debug-iphonesimulator/AcceptanceTests.app
SDK Root: &lt;DTiPhoneSimulatorSystemRoot 0x7fb0ca2007b0&gt; path=/Applications/Xcode.app/Contents/Developer/Platforms/WatchSimulator.platform/Developer/SDKs/WatchSimulator.sdk
Creating named pipe at `/var/folders/9f/1t5s18_d09l9w31_pw26b5bm0000gn/T//ios-sim-stderr-pipe-1448566029'
Creating named pipe at `/var/folders/9f/1t5s18_d09l9w31_pw26b5bm0000gn/T//ios-sim-stdout-pipe-1448566029'
using device family iphone
2015-11-26 19:27:09.653 ios-sim[69796:4201667] [MT] DVTAssertions: Warning in /Library/Caches/com.apple.xbs/Sources/DVTFrameworks/DVTFrameworks-9073/DVTFoundation/PlugInArchitecture/PlugInManager/DVTPlugInManager.m:257
Details:  Requested but did not find extension point with identifier Xcode.DVTFoundation.DevicePlatformMapping
Object:   &lt;DVTPlugInManager: 0x7fb0c8c341a0&gt;
Method:   -extensionPointWithIdentifier:
Thread:   &lt;NSThread: 0x7fb0c8c0dea0&gt;{number = 1, name = main}
Please file a bug at http://bugreport.apple.com with this warning message and any useful information you can provide.
Session started
Session did end with error (null)
Removing named pipe at `/var/folders/9f/1t5s18_d09l9w31_pw26b5bm0000gn/T//ios-sim-stderr-pipe-1448566029'
Removing named pipe at `/var/folders/9f/1t5s18_d09l9w31_pw26b5bm0000gn/T//ios-sim-stdout-pipe-1448566029'
</stdErr>  </executionLog>
  <finalCounts>
    <right>0</right>
    <wrong>0</wrong>
    <ignores>0</ignores>
    <exceptions>1</exceptions>
  </finalCounts>
  <totalRunTimeInMillis>2156</totalRunTimeInMillis>
</testResults>

